Cache_Config,Impl,N,Misses_Per_Item
m1024-b16,naive,32,0.000000
m1024-b16,naive,38,0.073969
m1024-b16,naive,45,0.078283
m1024-b16,naive,53,0.077649
m1024-b16,naive,64,0.108631
m1024-b16,naive,76,0.242281
m1024-b16,naive,90,0.330712
m1024-b16,naive,107,0.391201
m1024-b16,naive,128,0.428273
m1024-b16,naive,152,0.462400
m1024-b16,naive,181,0.485298
m1024-b16,naive,215,0.497979
m1024-b16,naive,256,0.506526
m1024-b16,naive,304,0.513972
m1024-b16,naive,362,0.520844
m1024-b16,naive,430,0.524307
m1024-b16,naive,512,0.525540
m1024-b16,naive,608,0.527324
m1024-b16,naive,724,0.529183
m1024-b16,naive,861,0.530042
m1024-b16,naive,1024,0.530053
m1024-b16,naive,1217,0.530872
m1024-b16,naive,1448,0.530940
m1024-b16,naive,1722,0.531207
m1024-b16,naive,2048,0.531065
m1024-b16,naive,2435,0.531308
m1024-b16,naive,2896,0.531205
m1024-b16,naive,3444,0.531352
m1024-b16,naive,4096,0.531261
m1024-b16,naive,4870,0.531365
m1024-b16,naive,5792,0.531279
m1024-b16,naive,6888,0.531319
m1024-b16,naive,8192,0.531281
m1024-b16,smart,32,0.000000
m1024-b16,smart,38,0.092461
m1024-b16,smart,45,0.100505
m1024-b16,smart,53,0.105225
m1024-b16,smart,64,0.063492
m1024-b16,smart,76,0.110351
m1024-b16,smart,90,0.104619
m1024-b16,smart,107,0.111973
m1024-b16,smart,128,0.062992
m1024-b16,smart,152,0.110927
m1024-b16,smart,181,0.104512
m1024-b16,smart,215,0.113215
m1024-b16,smart,256,0.062745
m1024-b16,smart,304,0.108791
m1024-b16,smart,362,0.104230
m1024-b16,smart,430,0.114138
m1024-b16,smart,512,0.062622
m1024-b16,smart,608,0.108623
m1024-b16,smart,724,0.104338
m1024-b16,smart,861,0.114346
m1024-b16,smart,1024,0.062561
m1024-b16,smart,1217,0.110399
m1024-b16,smart,1448,0.105105
m1024-b16,smart,1722,0.114591
m1024-b16,smart,2048,0.062531
m1024-b16,smart,2435,0.111647
m1024-b16,smart,2896,0.108345
m1024-b16,smart,3444,0.114630
m1024-b16,smart,4096,0.062515
m1024-b16,smart,4870,0.111610
m1024-b16,smart,5792,0.108331
m1024-b16,smart,6888,0.113292
m1024-b16,smart,8192,0.062508
m8192-b64,naive,32,0.000000
m8192-b64,naive,38,0.000000
m8192-b64,naive,45,0.000000
m8192-b64,naive,53,0.000000
m8192-b64,naive,64,0.000000
m8192-b64,naive,76,0.000000
m8192-b64,naive,90,0.000000
m8192-b64,naive,107,0.018868
m8192-b64,naive,128,0.023438
m8192-b64,naive,152,0.170268
m8192-b64,naive,181,0.273511
m8192-b64,naive,215,0.342447
m8192-b64,naive,256,0.388159
m8192-b64,naive,304,0.425786
m8192-b64,naive,362,0.450674
m8192-b64,naive,430,0.468190
m8192-b64,naive,512,0.478439
m8192-b64,naive,608,0.487747
m8192-b64,naive,724,0.494278
m8192-b64,naive,861,0.498421
m8192-b64,naive,1024,0.500717
m8192-b64,naive,1217,0.503358
m8192-b64,naive,1448,0.504741
m8192-b64,naive,1722,0.505750
m8192-b64,naive,2048,0.506160
m8192-b64,naive,2435,0.506896
m8192-b64,naive,2896,0.507183
m8192-b64,naive,3444,0.507433
m8192-b64,naive,4096,0.507459
m8192-b64,naive,4870,0.507685
m8192-b64,naive,5792,0.507706
m8192-b64,naive,6888,0.507783
m8192-b64,naive,8192,0.507754
m8192-b64,smart,32,0.000000
m8192-b64,smart,38,0.000000
m8192-b64,smart,45,0.000000
m8192-b64,smart,53,0.000000
m8192-b64,smart,64,0.000000
m8192-b64,smart,76,0.000000
m8192-b64,smart,90,0.000000
m8192-b64,smart,107,0.026098
m8192-b64,smart,128,0.015687
m8192-b64,smart,152,0.031718
m8192-b64,smart,181,0.034684
m8192-b64,smart,215,0.033471
m8192-b64,smart,256,0.015686
m8192-b64,smart,304,0.034024
m8192-b64,smart,362,0.036424
m8192-b64,smart,430,0.033832
m8192-b64,smart,512,0.015656
m8192-b64,smart,608,0.035358
m8192-b64,smart,724,0.036899
m8192-b64,smart,861,0.033903
m8192-b64,smart,1024,0.015640
m8192-b64,smart,1217,0.036843
m8192-b64,smart,1448,0.037093
m8192-b64,smart,1722,0.034089
m8192-b64,smart,2048,0.015633
m8192-b64,smart,2435,0.035070
m8192-b64,smart,2896,0.037091
m8192-b64,smart,3444,0.033912
m8192-b64,smart,4096,0.015629
m8192-b64,smart,4870,0.034969
m8192-b64,smart,5792,0.036875
m8192-b64,smart,6888,0.033976
m8192-b64,smart,8192,0.015627
m65536-b256,naive,32,0.000000
m65536-b256,naive,38,0.000000
m65536-b256,naive,45,0.000000
m65536-b256,naive,53,0.000000
m65536-b256,naive,64,0.000000
m65536-b256,naive,76,0.000000
m65536-b256,naive,90,0.000000
m65536-b256,naive,107,0.000000
m65536-b256,naive,128,0.000000
m65536-b256,naive,152,0.000000
m65536-b256,naive,181,0.000000
m65536-b256,naive,215,0.000000
m65536-b256,naive,256,0.000000
m65536-b256,naive,304,0.149427
m65536-b256,naive,362,0.254863
m65536-b256,naive,430,0.327923
m65536-b256,naive,512,0.378176
m65536-b256,naive,608,0.415742
m65536-b256,naive,724,0.441366
m65536-b256,naive,861,0.459377
m65536-b256,naive,1024,0.471283
m65536-b256,naive,1217,0.480844
m65536-b256,naive,1448,0.487213
m65536-b256,naive,1722,0.491580
m65536-b256,naive,2048,0.494411
m65536-b256,naive,2435,0.496897
m65536-b256,naive,2896,0.498434
m65536-b256,naive,3444,0.499510
m65536-b256,naive,4096,0.500129
m65536-b256,naive,4870,0.500792
m65536-b256,naive,5792,0.501151
m65536-b256,naive,6888,0.501413
m65536-b256,naive,8192,0.501528
m65536-b256,smart,32,0.000000
m65536-b256,smart,38,0.000000
m65536-b256,smart,45,0.000000
m65536-b256,smart,53,0.000000
m65536-b256,smart,64,0.000000
m65536-b256,smart,76,0.000000
m65536-b256,smart,90,0.000000
m65536-b256,smart,107,0.000000
m65536-b256,smart,128,0.000000
m65536-b256,smart,152,0.000000
m65536-b256,smart,181,0.000000
m65536-b256,smart,215,0.000000
m65536-b256,smart,256,0.000000
m65536-b256,smart,304,0.008837
m65536-b256,smart,362,0.010024
m65536-b256,smart,430,0.011595
m65536-b256,smart,512,0.005863
m65536-b256,smart,608,0.012627
m65536-b256,smart,724,0.012872
m65536-b256,smart,861,0.012638
m65536-b256,smart,1024,0.006831
m65536-b256,smart,1217,0.013263
m65536-b256,smart,1448,0.013216
m65536-b256,smart,1722,0.012900
m65536-b256,smart,2048,0.007314
m65536-b256,smart,2435,0.013490
m65536-b256,smart,2896,0.013383
m65536-b256,smart,3444,0.013030
m65536-b256,smart,4096,0.007556
m65536-b256,smart,4870,0.013605
m65536-b256,smart,5792,0.013434
m65536-b256,smart,6888,0.013096
m65536-b256,smart,8192,0.007677
m65536-b4096,naive,32,0.000000
m65536-b4096,naive,38,0.000000
m65536-b4096,naive,45,0.000000
m65536-b4096,naive,53,0.000000
m65536-b4096,naive,64,0.000000
m65536-b4096,naive,76,0.000000
m65536-b4096,naive,90,0.000000
m65536-b4096,naive,107,0.000000
m65536-b4096,naive,128,0.000000
m65536-b4096,naive,152,0.000000
m65536-b4096,naive,181,0.000000
m65536-b4096,naive,215,0.000000
m65536-b4096,naive,256,0.000000
m65536-b4096,naive,304,0.018217
m65536-b4096,naive,362,0.032744
m65536-b4096,naive,430,0.045460
m65536-b4096,naive,512,0.058219
m65536-b4096,naive,608,0.071550
m65536-b4096,naive,724,0.086732
m65536-b4096,naive,861,0.104089
m65536-b4096,naive,1024,0.124420
m65536-b4096,naive,1217,0.148237
m65536-b4096,naive,1448,0.176608
m65536-b4096,naive,1722,0.210178
m65536-b4096,naive,2048,0.250065
m65536-b4096,naive,2435,0.297367
m65536-b4096,naive,2896,0.353687
m65536-b4096,naive,3444,0.420617
m65536-b4096,naive,4096,0.500237
m65536-b4096,naive,4870,0.500236
m65536-b4096,naive,5792,0.500230
m65536-b4096,naive,6888,0.500222
m65536-b4096,naive,8192,0.500181
m65536-b4096,smart,32,0.000000
m65536-b4096,smart,38,0.000000
m65536-b4096,smart,45,0.000000
m65536-b4096,smart,53,0.000000
m65536-b4096,smart,64,0.000000
m65536-b4096,smart,76,0.000000
m65536-b4096,smart,90,0.000000
m65536-b4096,smart,107,0.000000
m65536-b4096,smart,128,0.000000
m65536-b4096,smart,152,0.000000
m65536-b4096,smart,181,0.000000
m65536-b4096,smart,215,0.000000
m65536-b4096,smart,256,0.000000
m65536-b4096,smart,304,0.000565
m65536-b4096,smart,362,0.000704
m65536-b4096,smart,430,0.001366
m65536-b4096,smart,512,0.001636
m65536-b4096,smart,608,0.002905
m65536-b4096,smart,724,0.003674
m65536-b4096,smart,861,0.005972
m65536-b4096,smart,1024,0.007316
m65536-b4096,smart,1217,0.012045
m65536-b4096,smart,1448,0.015843
m65536-b4096,smart,1722,0.024090
m65536-b4096,smart,2048,0.030029
m65536-b4096,smart,2435,0.047957
m65536-b4096,smart,2896,0.062151
m65536-b4096,smart,3444,0.094435
m65536-b4096,smart,4096,0.120864
m65536-b4096,smart,4870,0.119612
m65536-b4096,smart,5792,0.132698
m65536-b4096,smart,6888,0.124075
m65536-b4096,smart,8192,0.120979